name,county,state,state_code,zip,latitude,longitude,population,type,id
Adak,Aleutians West,Alaska,AK,99546,51.88000,-176.65806,326,City,d6382fa72254a8676eed5a66d44caab0
Akhiok,Kodiak Island,Alaska,AK,99615,56.94556,-154.17028,71,City,a41724a0a8fa180bf303b0582fda98b5
Akiak,Bethel,Alaska,AK,99552,60.91222,-161.21389,346,City,aa5d2714fa84af8b9205c244769479fd
Akutan,Aleutians East,Alaska,AK,99553,54.13556,-165.77306,1027,City,66aa21ada121c64d3dca4d9c18a83166
Alakanuk,Wade Hampton,Alaska,AK,99554,62.68889,-164.61528,677,City,d303d93465fc323356b99bfecfdbdc2c
Aleknagik,Dillingham,Alaska,AK,99555,59.27306,-158.61778,219,City,a9eb54abaf0718e9c546a4d4725ca0c1
Allakaket,Yukon-Koyukuk,Alaska,AK,99720,66.56556,-152.64556,105,City,698e49ef7daa750a002433cd6f4a2e17
Ambler,Northwest Arctic,Alaska,AK,99786,67.08611,-157.85139,258,City,9c0d4d9b35c18c9805c0b1b2e8a789e2
Anaktuvuk Pass,North Slope,Alaska,AK,99721,68.14333,-151.73583,324,City,30a11cfdb2742051c797fbbb881d081b
Anchorage,Anchorage,Alaska,AK,99501,61.21806,-149.90028,291826,Municipality,d226bbe6a636cf0103cc7c84214d2467
Anderson,Denali,Alaska,AK,99744,64.34417,-149.18694,246,City,ed74b5b34c238b4d3d6baad4d3335033
Angoon,Hoonah-Angoon,Alaska,AK,99820,57.50333,-134.58389,459,City,afc3715082d1147cd187c3aba69a4d23
Aniak,Bethel,Alaska,AK,99557,61.57833,-159.52222,501,City,6520699cfd6c4b4ca65c6b34bb4fb642
Anvik,Yukon-Koyukuk,Alaska,AK,99558,62.65611,-160.20667,85,City,216c0b6f5da55fb0d9e3a98f1bbeec1c
Atka,Aleutians West,Alaska,AK,99547,52.19611,-174.20056,61,City,7907b81346c870bef8e693ff69699af3
Atqasuk,North Slope,Alaska,AK,99791,70.46917,-157.39944,233,City,991445346091fa8069c46a3c877fc5ea
Barrow,North Slope,Alaska,AK,99723,71.29056,-156.78861,4212,City,99634e74cabd76b5ff88e2da981fbf11
Bethel,Bethel,Alaska,AK,99559,60.79222,-161.75583,6080,City,3eb39e46b3d0a5b439065e75254097dd
Bettles,Yukon-Koyukuk,Alaska,AK,99726,66.91889,-151.51611,12,City,af58688c84d40e6528fc6355b3417703
Brevig Mission,Nome,Alaska,AK,99785,65.33472,-166.48917,388,City,9145e0fb4ef4825c47f969abd3920731
Buckland,Northwest Arctic,Alaska,AK,99727,65.97972,-161.12306,416,City,6dfdbc415711f6bececdfa0468dc6311
Chefornak,Bethel,Alaska,AK,99561,60.16000,-164.26583,418,City,5bf8cae816346e84c5262c1c2b410010
Chevak,Wade Hampton,Alaska,AK,99563,61.52778,-165.58639,938,City,a7181d969caf5d934c13211de91a7cb9
Chignik,Lake and Peninsula,Alaska,AK,99564,56.29528,-158.40222,91,City,16a9bf507a90896f45ff0a307f83d978
Chuathbaluk,Bethel,Alaska,AK,99557,61.57194,-159.24500,118,City,cbb432d1047273cb3d9eb6490743727e
Clark's Point,Dillingham,Alaska,AK,99569,58.84417,-158.55083,62,City,54c1c4dd6f07d88805090346adf3611c
Coffman Cove,Prince of Wales-Hyder,Alaska,AK,99918,56.01389,-132.82778,176,City,923d6ffa71fe5dcc236bfdbe42e82bfe
Cold Bay,Aleutians East,Alaska,AK,99571,55.18583,-162.72111,108,City,0d3e44f3da66510c4612adba12456f00
Cordova,Valdez-Cordova,Alaska,AK,99574,60.54278,-145.75750,2239,City,e0e234cad31af8d7c04ef5c8bf5dd5b6
Craig,Prince of Wales-Hyder,Alaska,AK,99921,55.47639,-133.14833,1201,City,8278633114dd64ef6535c25c7bcc84d0
Deering,Northwest Arctic,Alaska,AK,99736,66.07556,-162.71722,122,City,fa582ad758edc6e8adee00d53edc0a4c
Delta Junction,Southeast Fairbanks,Alaska,AK,99737,64.03778,-145.73222,958,City,001f6f964feda77d047ded2cd346e670
Dillingham,Dillingham,Alaska,AK,99576,59.03972,-158.45750,2329,City,3b405fa52cab9b6747cb7e929fc201fe
Diomede,Nome,Alaska,AK,99762,65.75810,-168.95200,115,City,0526872491cf4e7bfa62d184cacc7b7a
Eagle,Southeast Fairbanks,Alaska,AK,99738,64.78806,-141.20000,86,City,44febc7aba35df4b3b838ec13a38efe9
Eek,Bethel,Alaska,AK,99578,60.21889,-162.02444,296,City,8a0e36fa29ccff4850835698c93bbf2f
Egegik,Lake and Peninsula,Alaska,AK,99579,58.21556,-157.37583,109,City,4fddd0c5d27e84a077aff8578269a0b2
Ekwok,Dillingham,Alaska,AK,99580,59.34972,-157.47528,115,City,98517d3efa6e84794ec58a9afbc7af3a
Elim,Nome,Alaska,AK,99739,64.61750,-162.26056,330,City,21663b3eb55751d2651c52178a901ea4
Emmonak,Wade Hampton,Alaska,AK,99581,62.77778,-164.52306,762,City,1f5d4c8ba20438cc8aa450a55e9e17b2
Fairbanks,Fairbanks North Star,Alaska,AK,99701,64.83778,-147.71639,31535,City,e5232c9cba8ddbeac3d5661708d7203b
False Pass,Aleutians East,Alaska,AK,99583,54.85083,-163.41500,35,City,bd39b3b9eb25a85740f8713732fafe4b
Fort Yukon,Yukon-Koyukuk,Alaska,AK,99740,66.56472,-145.27389,583,City,ac0683a5f60f12e37d94c85a30c2ae67
Galena,Yukon-Koyukuk,Alaska,AK,99741,64.73333,-156.92750,470,City,7340a489cee11cfc7d523deb544a6f6c
Gambell,Nome,Alaska,AK,99742,63.77972,-171.74111,681,City,6e2a019b86138c0f85bfcab36653d58b
Golovin,Nome,Alaska,AK,99762,64.54333,-163.02917,156,City,a724e0116f8227be214cc121b794600a
Goodnews Bay,Bethel,Alaska,AK,99589,59.11889,-161.58750,243,City,2f5b4b973273e7f9b9e8fff61dbf6022
Grayling,Yukon-Koyukuk,Alaska,AK,99590,62.90361,-160.06472,194,City,3a1ed37cbb4d4d2f886762679a469e51
Gustavus,Hoonah-Angoon,Alaska,AK,99826,58.41333,-135.73694,442,City,5919f08e731dd58eacd06efa542651ea
Holy Cross,Yukon-Koyukuk,Alaska,AK,99602,62.19944,-159.77139,178,City,7fd47470436f4531e0e04dbb34fb045f
Homer,Kenai Peninsula,Alaska,AK,99603,59.64250,-151.54833,5003,City,d712bc0c5a87440dc81dfb85a7ddf0f1
Hoonah,Hoonah-Angoon,Alaska,AK,99829,58.11000,-135.44361,760,City,297224c105f328cfd02763f845c74335
Hooper Bay,Wade Hampton,Alaska,AK,99604,61.53111,-166.09667,1093,City,66cc4e179a9a0dd2ffb7e776c0827794
Houston,Matanuska-Susitna,Alaska,AK,99694,61.63028,-149.81806,1912,City,369ba033a3abdc89fbc777c28f73405b
Hughes,Yukon-Koyukuk,Alaska,AK,99745,66.04889,-154.25556,77,City,08c735dbd08494cabb37de1dea42e415
Huslia,Yukon-Koyukuk,Alaska,AK,99746,65.69861,-156.39972,275,City,8d032d2ce7e64cb2ca410cd7a0005e4c
Hydaburg,Prince of Wales-Hyder,Alaska,AK,99922,55.20806,-132.82667,376,City,6c1b2dd2c142fc436266c149dc56fdc2
Juneau,Juneau,Alaska,AK,99801,58.30194,-134.41972,31275,Consolidated City and Borough,09df2a0556a9f1790b4d0fb8473abffd
Kachemak,Kenai Peninsula,Alaska,AK,99603,59.66742,-151.45074,472,City,dae9ef31c35bec1b76bf45a0a6463c80
Kake,Petersburg,Alaska,AK,99830,56.97583,-133.94722,557,City,a47ffeb9751608a8169d72f33f7a20a3
Kaktovik,North Slope,Alaska,AK,99747,70.13194,-143.62389,239,City,feea4b5d4561b9207c533ca2adb51fc8
Kaltag,Yukon-Koyukuk,Alaska,AK,99748,64.32722,-158.72194,190,City,34cb8f6cb0037a8d3d5d1f3e44be4a4a
Kasaan,Prince of Wales-Hyder,Alaska,AK,99919,55.53889,-132.40083,49,City,b8d7d2b970afa3f83d73ea431a173a8e
Kenai,Kenai Peninsula,Alaska,AK,99611,60.55444,-151.25833,7100,City,f9b713702dfafcc3f968b61838db9b82
Ketchikan,Ketchikan Gateway,Alaska,AK,99901,55.34222,-131.64611,8050,City,3d75e86de1be3473c60ae4ae33ee1d77
Kiana,Northwest Arctic,Alaska,AK,99749,66.97500,-160.42278,361,City,482ec623464108833e02c72451a257a4
King Cove,Aleutians East,Alaska,AK,99612,55.06167,-162.31028,938,City,c83ff530ee9ba4ae60f933b44c1e3f2c
Kivalina,Northwest Arctic,Alaska,AK,99750,67.72694,-164.53333,374,City,c1902bdd2a7b59e6fac54fc6e3a77679
Klawock,Prince of Wales-Hyder,Alaska,AK,99925,55.55222,-133.09583,755,City,e08bed4a8c594c2c71a75272cf5379e0
Kobuk,Northwest Arctic,Alaska,AK,99751,66.90722,-156.88111,151,City,a34a88766819b4b09a5bd0eb53011047
Kodiak,Kodiak Island,Alaska,AK,99615,57.79000,-152.40722,6130,City,b96b71f4ee339d44195a6ce3e07568e1
Kotlik,Wade Hampton,Alaska,AK,99620,63.03417,-163.55333,577,City,b2394cfa8ae460f51507d7a9fb1446fb
Kotzebue,Northwest Arctic,Alaska,AK,99752,66.89833,-162.59667,3201,City,579d93f1cb431e029b88599780ffc889
Koyuk,Nome,Alaska,AK,99753,64.93194,-161.15694,332,City,85119768111c1afa781ff74048c35042
Koyukuk,Yukon-Koyukuk,Alaska,AK,99754,64.88028,-157.70083,96,City,cd78d46d7984ee03d1ec30038ce1cf50
Kupreanof,Petersburg,Alaska,AK,99833,56.81444,-132.98056,27,City,d090d508daa69cf200e89558bf305363
Kwethluk,Bethel,Alaska,AK,99621,60.81222,-161.43583,721,City,0ad53d657a156efc7a3fbd42b22eb907
Larsen Bay,Kodiak Island,Alaska,AK,99624,57.54000,-153.97861,87,City,55d1c0d19b1307763607185b9f03d4f3
Lower Kalskag,Bethel,Alaska,AK,99626,61.51222,-160.35806,282,City,f71dea912d319b56e8e816b42540b06b
Manokotak,Dillingham,Alaska,AK,99628,58.98139,-159.05833,442,City,d267f7c1a77795882c74b02b5d27ea10
Marshall,Wade Hampton,Alaska,AK,99585,61.87778,-162.08111,414,City,8827ea6387c1ef9df32593c7570612d9
McGrath,Yukon-Koyukuk,Alaska,AK,99627,62.95639,-155.59583,346,City,f7c7cda63a02505e58d75adb5302d756
Mekoryuk,Bethel,Alaska,AK,99630,60.38806,-166.18500,191,City,9cfc747903521112a3f528d5f8ca5050
Mountain Village,Wade Hampton,Alaska,AK,99632,62.08556,-163.72944,813,City,a149002be664049628e0694925f13376
Napakiak,Bethel,Alaska,AK,99634,60.69667,-161.95194,354,City,7c14a8618c56a6f7c2e291f442fd904f
Napaskiak,Bethel,Alaska,AK,99559,60.70806,-161.76611,405,City,5431618ea6a44e11196bcd9e03d5c0a9
Nenana,Yukon-Koyukuk,Alaska,AK,99760,64.56389,-149.09306,378,City,07a6169951dda2c8c524c57c79f41da4
Newhalen,Lake and Peninsula,Alaska,AK,99606,59.72000,-154.89722,190,City,53af61c0749608e6ca4da065d4b9e9cd
New Stuyahok,Dillingham,Alaska,AK,99636,59.45278,-157.31194,510,City,70275eed71bcb214d2b653e94836f221
Nightmute,Bethel,Alaska,AK,99690,60.47944,-164.72389,280,City,cc4138839a8a31a0e9355d4c0aad0126
Nikolai,Yukon-Koyukuk,Alaska,AK,99691,63.01333,-154.37500,94,City,47cbbb38b4e2db0f47671ea0504fb757
Nome,Nome,Alaska,AK,99762,64.50111,-165.40639,3598,City,e0f1f1b253cc169ac142d374c72048e8
Nondalton,Lake and Peninsula,Alaska,AK,99640,59.97361,-154.84583,164,City,f836566741019cc3f67b240466a08dc5
Noorvik,Northwest Arctic,Alaska,AK,99763,66.83833,-161.03278,668,City,63a3bfc84bc04a01cc749dd61c477314
North Pole,Fairbanks North Star,Alaska,AK,99705,64.75111,-147.34944,2117,City,3a42c4b0447b3c292c65e3298e0dfd5b
Nuiqsut,North Slope,Alaska,AK,99789,70.21750,-150.97639,402,City,a3ec37c887cee2f827d4ba2f97859451
Nulato,Yukon-Koyukuk,Alaska,AK,99765,64.71944,-158.10306,264,City,3f2da7772b78f1e14007ad086f592bd0
Nunam Iqua,Wade Hampton,Alaska,AK,99666,62.53361,-164.84111,187,City,f8096ec478d76d5e906f526d67e9313f
Nunapitchuk,Bethel,Alaska,AK,99641,60.89694,-162.45944,496,City,57c8711215b1ce5917b28dd2c12979f7
Old Harbor,Kodiak Island,Alaska,AK,99643,57.20278,-153.30389,218,City,d0fd739b986e6395b7c8455e79dac46b
Ouzinkie,Kodiak Island,Alaska,AK,99644,57.92361,-152.50222,161,City,5eef229d447c98799a492a496c1b10fe
Palmer,Matanuska-Susitna,Alaska,AK,99645,61.59972,-149.11278,5937,City,628b547ec1596144fe424fe8f8ee24a9
Pelican,Hoonah-Angoon,Alaska,AK,99832,57.96083,-136.22750,88,City,8a5cf0d8b2b78d2d4fa2a52c433feefd
Petersburg,Petersburg,Alaska,AK,99833,56.81127,-132.95124,2948,City,6bc37d0af92e8950bf1afca10a81bc57
Pilot Point,Lake and Peninsula,Alaska,AK,99649,57.56417,-157.57917,68,City,721d12ea5a772587e60a22d478ec1e5c
Pilot Station,Wade Hampton,Alaska,AK,99650,61.93889,-162.87500,568,City,e869afe49d91db26c7a0bcfb152c096d
Platinum,Bethel,Alaska,AK,99651,59.01306,-161.81639,61,City,12f4290b7ae19f37bbd21da53b666416
Point Hope,North Slope,Alaska,AK,99766,68.34861,-166.73472,674,City,4609d1b594aca61b634d90c0b11eca0c
Port Alexander,Petersburg,Alaska,AK,99836,56.24972,-134.64444,52,City,32940edbe651056df52f3d21d999735b
Port Heiden,Lake and Peninsula,Alaska,AK,99549,56.93256,-158.62497,102,City,26fec04dcb8b176b6295086fa22ab81e
Port Lions,Kodiak Island,Alaska,AK,99550,57.86750,-152.88222,194,City,5614dc0724554ff22e4a6897de7197ea
Quinhagak,Bethel,Alaska,AK,99655,59.74889,-161.91583,669,City,ca12c2de01c125eb6509f13582fb6828
Ruby,Yukon-Koyukuk,Alaska,AK,99768,64.73944,-155.48694,166,City,da3c6dad72751e36bed976d3a4d976c8
Russian Mission,Wade Hampton,Alaska,AK,99657,61.78500,-161.32028,312,City,9ac095a383f759a569ecfc4439b1a5fe
Sand Point,Aleutians East,Alaska,AK,99661,55.33972,-160.49722,976,City,d8268bc15f1ddf16bca3a5f31b4495ad
Savoonga,Nome,Alaska,AK,99769,63.69417,-170.47889,671,City,b1cb43abe59138476b34f04e7d19ada5
Saxman,Ketchikan Gateway,Alaska,AK,99901,55.31833,-131.59583,411,City,1c5157b8eadfb2612dfb74b285c5bd39
Scammon Bay,Wade Hampton,Alaska,AK,99662,61.84278,-165.58167,474,City,d0c23302ae25cd20856822d18c0ac6d3
Selawik,Northwest Arctic,Alaska,AK,99770,66.60389,-160.00694,829,City,ff61586e8b30134d1d8403fd93389e1d
Seldovia,Kenai Peninsula,Alaska,AK,99663,59.43806,-151.71139,255,City,060e07400708b112b53bde09f58d4e7d
Seward,Kenai Peninsula,Alaska,AK,99664,60.10417,-149.44222,2693,City,c389b697c03419f2504359f8f512fbb7
Shageluk,Yukon-Koyukuk,Alaska,AK,99665,62.68222,-159.56194,83,City,1ca8442f882a8320b5b6a6c699a227e3
Shaktoolik,Nome,Alaska,AK,99771,64.33389,-161.15389,251,City,5f92395a9344a8239bea9939c76081c1
Shishmaref,Nome,Alaska,AK,99772,66.25667,-166.07194,563,City,064a7ac799deda3dd25fd8c780977988
Shungnak,Northwest Arctic,Alaska,AK,99773,66.88806,-157.13639,262,City,f0a6edafa2db6f35f313067544d22982
Sitka,Sitka,Alaska,AK,99835,57.05306,-135.33000,8881,Consolidated City and Borough,0e73340daa8ee66278ea6b0dae7ce80b
Soldotna,Kenai Peninsula,Alaska,AK,99669,60.48778,-151.05833,4163,City,0e28288fb03e234b84b394f420dc0cad
Stebbins,Nome,Alaska,AK,99671,63.52222,-162.28806,556,City,7645ff6c124d0b74778cb727b36c35af
St. George,Aleutians West,Alaska,AK,99591,56.60000,-169.54167,102,City,07940dddaec3431b1582811566bb7985
St. Mary's,Wade Hampton,Alaska,AK,99658,62.05306,-163.16583,507,City,36d7aabe149d90f6dba9e8afe51f865f
St. Michael,Nome,Alaska,AK,99659,63.47806,-162.03917,401,City,70e07878a53c12e2bce8897e6b766716
St. Paul,Aleutians West,Alaska,AK,99660,57.12222,-170.27500,479,City,7f5f5baf0ecad5c764049c2e5128bdcc
Tanana,Yukon-Koyukuk,Alaska,AK,99777,65.17194,-152.07889,246,City,81c48e713e0ae392581d7c011ce467da
Teller,Nome,Alaska,AK,99778,65.26361,-166.36083,229,City,fa735c69fd1792557d3e7e6e8599064d
Tenakee Springs,Hoonah-Angoon,Alaska,AK,99841,57.78083,-135.21889,131,City,67533a656a3f1c4de92401d10ca3a3f3
Thorne Bay,Prince of Wales-Hyder,Alaska,AK,99919,55.68778,-132.52222,471,City,09c34d0a2e1a20663c8b665c7ac09067
Togiak,Dillingham,Alaska,AK,99678,59.06194,-160.37639,817,City,9bbbc62463e63a28bb40488ed4a2efb4
Toksook Bay,Bethel,Alaska,AK,99637,60.53378,-165.10366,590,City,268ecee5b069a07ecb2dabb555a224b9
Unalakleet,Nome,Alaska,AK,99684,63.87306,-160.78806,688,City,241ce29a51e22fb3ec9b6cf063b9c953
Unalaska,Aleutians West,Alaska,AK,99685,53.87361,-166.53667,4376,City,21b0e1a0b768615c1aaa8db130239962
Upper Kalskag,Bethel,Alaska,AK,99607,61.53914,-160.34872,210,City,0ac4abf3bb5180f7993cd217d061d936
Valdez,Valdez-Cordova,Alaska,AK,99686,61.13083,-146.34833,3976,City,04d69d29e6c96dbda0d143249f3804f5
Wainwright,North Slope,Alaska,AK,99782,70.63694,-160.03833,556,City,00e799ef9dfba7a0cbc98a72e3153520
Wales,Nome,Alaska,AK,99783,65.60917,-168.08750,145,City,d7975e2562f3ebccc03f2109ecfa8b99
Wasilla,Matanuska-Susitna,Alaska,AK,99654,61.58139,-149.43944,7831,City,396e14dcb0eb5cab0bbd526c18451493
White Mountain,Nome,Alaska,AK,99784,64.68139,-163.40556,190,City,171174a4c7643e19cf3ac493a3751f86
Whittier,Valdez-Cordova,Alaska,AK,99693,60.77306,-148.68389,220,City,7f3c81772eaec973774750b652489c9a
Wrangell,Wrangell,Alaska,AK,99929,56.47083,-132.37667,2369,Consolidated City and Borough,892decd8dc2bd065190cdc6cd7502910
Abbeville,Henry,Alabama,AL,36310,31.57184,-85.25049,2688,City,13bdc284fb8bbcb0acd6e6ae87bb8a22
Adamsville,Jefferson,Alabama,AL,35005,33.60094,-86.95611,4522,City,8245a428adf181bbf5e682fb1d50bc0c
Addison,Winston,Alabama,AL,35540,34.20232,-87.18140,758,Town,a328a6d7b7b6ef1ce367acbb8dad628b
Akron,Hale,Alabama,AL,35441,32.87652,-87.74251,356,Town,6c99bb605fd0d4ebaed228eeb6f376df
Alabaster,Shelby,Alabama,AL,35007,33.24428,-86.81638,30352,City,88377597596e7769f91577efaa58e15e
Albertville,Marshall,Alabama,AL,35950,34.26759,-86.20887,21160,City,5cf0635ba26e792ee9390e17fec15460
Alexander City,Tallapoosa,Alabama,AL,35010,32.94401,-85.95385,14875,City,b06f0c7eb2a01eb5d91d958f9fe7ee63
Aliceville,Pickens,Alabama,AL,35442,33.12957,-88.15142,2486,City,87607ab0085521f8e6d6e645ee6c7549
Allgood,Blount,Alabama,AL,35121,33.91204,-86.50943,622,Town,f31600e6243257b0070bd94fb40014df
Altoona,Etowah,Alabama,AL,35952,34.02621,-86.32609,933,Town,23ff8cd42c45628019c411dc56ca0a84
Andalusia,Covington,Alabama,AL,36420,31.30850,-86.48329,9015,City,125e02f7159637c52301920af7ba71d2
Anderson,Lauderdale,Alabama,AL,35610,34.92842,-87.26641,282,Town,73c8acb0be48a9333074a6b921650c03
Anniston,Calhoun,Alabama,AL,36201,33.65983,-85.83163,23106,City,7c6bf5a7082c74c31ac9ed1cb303a0a3
Arab,Marshall,Alabama,AL,35016,34.31815,-86.49582,8050,City,833d98a94cdd0dea42eb9e0e00e15e4d
Ardmore,Giles,Alabama,AL,35739,34.99203,-86.84695,1194,Town,22166d40503f687e2f62cffa790feb6f
Argo,Jefferson,Alabama,AL,35173,33.68177,-86.53054,4071,Town,f48849f50c9f728c75299ca635a43f40
Ariton,Dale,Alabama,AL,36311,31.60017,-85.71883,764,Town,04bc105f5049bcf59e72ab2b20a75dca
Arley,Winston,Alabama,AL,35541,34.07899,-87.21223,357,Town,dc4e47ac80dad77b6b97001868fd52f2
Ashford,Houston,Alabama,AL,36312,31.18296,-85.23632,2148,Town,8b8c99d8e3ff71b68b51d5b95f69e251
Ashland,Clay,Alabama,AL,36251,33.27373,-85.83607,2037,Town,bbafd0794ef50d1734e5596ca60520d4
Ashville,St. Clair,Alabama,AL,35953,33.83704,-86.25442,2212,City,27b75e3604b04d79a3b9220e69ce2b35
Athens,Limestone,Alabama,AL,35611,34.80287,-86.97167,21897,City,104f0c338ae9e0aa680f91b51226fb95
Atmore,Escambia,Alabama,AL,36502,31.02379,-87.49387,10194,City,4e647deff234943e2a05a9711e94fae0
Attalla,Etowah,Alabama,AL,35954,34.02176,-86.08859,6048,City,945b085e942f6279aa63700c23d8660f
Auburn,Lee,Alabama,AL,36830,32.60986,-85.48078,53380,City,49b6f5f9a16f99af12f5b13acf9ad112
Autaugaville,Autauga,Alabama,AL,36003,32.43402,-86.65470,870,Town,5369d0a228838faff99466a529e3d5b9
Avon,Houston,Alabama,AL,36312,31.18934,-85.28604,543,Town,43a4f109c387f2550e459dc5e2e473c8
Babbie,Covington,Alabama,AL,36467,31.27961,-86.32551,603,Town,027db6517b33917539e1ea5bd1e4c237
Baileyton,Cullman,Alabama,AL,35019,34.26232,-86.61277,610,Town,584c34e1ce79ec45c189522a997570fd
Bakerhill,Barbour,Alabama,AL,36027,31.78127,-85.30216,279,Town,c0a427b3ac571ef429e0387bccf28922
Banks,Pike,Alabama,AL,36081,31.81516,-85.84300,179,Town,22118000c8ae1740966da0fa52a2bd82
Bay Minette,Baldwin,Alabama,AL,36507,30.88296,-87.77305,8044,City,d8a8936f7dd23d377a4b26671524cdcd
Bayou La Batre,Mobile,Alabama,AL,36509,30.40352,-88.24852,2558,City,b2f2ebf24842e17f9e5effcaf5e79708
Bear Creek,Marion,Alabama,AL,35543,34.27482,-87.70058,1070,Town,07bb89742b4b7d8a18a2a3d4933f80a2
Beatrice,Monroe,Alabama,AL,36425,31.73349,-87.20471,301,Town,9dc0e3a4d5c7408e93af2b52054b41db
Beaverton,Lamar,Alabama,AL,35544,33.93122,-88.02031,201,Town,ed4a3f20494dabcdeafd926aa0f48344
Belk,Fayette,Alabama,AL,35545,33.64761,-87.93141,215,Town,a3e28c4d300ab71320ed887e9b0ffb78
Benton,Lowndes,Alabama,AL,36785,32.30681,-86.81776,49,Town,77dc922135b66236010bada0fe54ec4a
Berry,Fayette,Alabama,AL,35546,33.65983,-87.60001,1148,Town,84c1e23789d6eae1488572dfeaad5900
Bessemer,Jefferson,Alabama,AL,35020,33.40178,-86.95444,27456,City,5373b0dfbc6425a550252e155bb56064
Billingsley,Autauga,Alabama,AL,36006,32.65958,-86.71776,144,Town,fafdd2284860fb109871c2013c4c868d
Birmingham,Jefferson,Alabama,AL,35203,33.52066,-86.80249,212237,City,a6a0aab45492a8e3b1234ef2a733b2e6
Black,Geneva,Alabama,AL,36314,31.00935,-85.74438,207,Town,af7b3564a7916afc078c831c2040beae
Blountsville,Blount,Alabama,AL,35031,34.08149,-86.59110,1684,Town,49e4cd15d2e18eafddcdcbcd549a2d17
Blue Springs,Barbour,Alabama,AL,36017,31.66378,-85.50661,96,Town,29702a1e2daadd78a4370ac483992c04
Boaz,Marshall,Alabama,AL,35957,34.20065,-86.16637,9551,City,3930dc234c0321b902398caaaa0cd6ef
Boligee,Greene,Alabama,AL,35443,32.75597,-88.02891,328,Town,67c3973e24d5d7c82ad16c5a11338e1d
Bon Air,Talladega,Alabama,AL,35032,33.26372,-86.33553,116,Town,683ba04be2a01acdd5d6b8f9325be2f2
Brantley,Crenshaw,Alabama,AL,36009,31.58238,-86.25718,809,Town,d1728770500ce1a803bf80b832004ae9
Brent,Bibb,Alabama,AL,35034,32.93735,-87.16472,4947,City,3252d956042758ca89f2b3fa9385884d
Brewton,Escambia,Alabama,AL,36426,31.10518,-87.07219,5408,city,1ec4b47925ab28dddca73294e4b44738
Bridgeport,Jackson,Alabama,AL,35740,34.94758,-85.71442,2418,city,cffcfdc2dbed7f70c0247538542847bc
Brighton,Jefferson,Alabama,AL,35020,33.43428,-86.94721,2945,city,3bf2f76853d4c72ed2ac1b85c5563610
Brilliant,Marion,Alabama,AL,35548,34.02538,-87.75836,900,Town,aba9582dbe21f447e515e4bed3bc9bf8
Brookside,Jefferson,Alabama,AL,35036,33.63788,-86.91666,1363,Town,afe8effb91327e805b0bd7ee56c7883c
Brookwood,Tuscaloosa,Alabama,AL,35444,33.25567,-87.32083,1828,Town,ac487991b0489b988b06ae0acc6ebbf7
Brundidge,Pike,Alabama,AL,36010,31.72016,-85.81606,2076,City,e31860f2b504df3c71693c3acd63c0aa
Butler,Choctaw,Alabama,AL,36904,32.08959,-88.22197,1894,Town,e4e621b87ec3e603859796a6e4c56ff8
Calera,Shelby,Alabama,AL,35040,33.10290,-86.75360,11620,City,5ae57e627e369a43d6ee204e66d42fd4
Camden,Wilcox,Alabama,AL,36726,31.99098,-87.29055,2020,City,c8b85a1503c1e8e71edf3f16202afe72
Camp Hill,Tallapoosa,Alabama,AL,36850,32.80041,-85.65357,1014,Town,0d7b15aa69104971d795815a0c14afde
Carbon Hill,Walker,Alabama,AL,35549,33.89177,-87.52612,2021,city,50ba21238f69322f1a37030119075931
Cardiff,Jefferson,Alabama,AL,35073,33.64566,-86.93361,55,Town,c366b5d7a19d51616adaf6bcf07ef198
Carolina,Covington,Alabama,AL,36420,31.24073,-86.52774,297,Town,1e8b906e80e9cacfe7ab170c6b543d0a
Carrollton,Pickens,Alabama,AL,35447,33.26179,-88.09503,1019,Town,5d46cc397988275f675ba9fbbbe6be57
Castleberry,Conecuh,Alabama,AL,36432,31.29906,-87.02247,583,Town,b1c5dfdd23a90c58f6046ec6682c2009
Cedar Bluff,Cherokee,Alabama,AL,35959,34.22009,-85.60774,1820,Town,5a1253d1de85efc9be0d53bcda36d3f9
Center Point,Jefferson,Alabama,AL,35215,33.64566,-86.68360,16921,City,fb4f0701435110e439c0289ab66809b1
Centre,Cherokee,Alabama,AL,35960,34.15204,-85.67885,3489,City,a59a94c786dd0959855cbc32992a44f3
Centreville,Bibb,Alabama,AL,35042,32.94457,-87.13861,2778,City,bec3a49e24034da14a204b111c57236c
Chatom,Washington,Alabama,AL,36518,31.46517,-88.25446,1288,Town,4f559b4168136cf9a30bba78fa7158c4
Chelsea,Shelby,Alabama,AL,35043,33.34011,-86.63026,10183,City,aae51dee449e12712d256a705c025f87
Cherokee,Colbert,Alabama,AL,35616,34.75703,-87.97281,1048,Town,194a3de697c90833d834736352ac852b
Chickasaw,Mobile,Alabama,AL,36611,30.76380,-88.07472,6106,City,49d7f7555f70b1dafe26cdfc0d84c2c7
Childersburg,Talladega,Alabama,AL,35044,33.27817,-86.35498,5175,City,1532ed5a22b3ba8be549ff8cbfba9719
Citronelle,Mobile,Alabama,AL,36522,31.09073,-88.22806,3905,City,a8ab02d7b524498d310cc4afdd3556a0
Clanton,Chilton,Alabama,AL,35045,32.83874,-86.62943,8619,City,05d30ca8311e403c85d130c576372cc4
Clay,Jefferson,Alabama,AL,35126,33.70260,-86.59971,9708,City,be9a876e9ce477b89f497cbc9a2b10b3
Clayhatchee,Dale,Alabama,AL,36322,31.23573,-85.72271,589,Town,9f60c0c296226db87bcfbafb98a9d41a
Clayton,Barbour,Alabama,AL,36016,31.87822,-85.44966,3008,Town,1268010176d9764fd1bc70ceea8164e3
Cleveland,Blount,Alabama,AL,35049,33.99093,-86.57749,1303,Town,8b05927e036d821d0ee8611e67a754db
Clio,Barbour,Alabama,AL,36017,31.70878,-85.61050,1399,City,4c9c642c1d4ab1adc96915d2d18e9c8a
Coaling,Tuscaloosa,Alabama,AL,35453,33.15901,-87.34083,1657,Town,f0203350bba88030c201ce85a082ea4d
Coffee Springs,Geneva,Alabama,AL,36318,31.16462,-85.90938,228,Town,e1d06737fa538c6e9b6a7bc98f302b17
Coffeeville,Clarke,Alabama,AL,36524,31.75794,-88.08973,352,Town,9ed3a700df614b8606f966eddc1cc5eb
Coker,Tuscaloosa,Alabama,AL,35452,33.24595,-87.68779,979,Town,ea5ab946b72907b67428ff421123877d
Collinsville,DeKalb,Alabama,AL,35961,34.26398,-85.86053,1983,Town,c60758bd7dfe4f1f2eb3cc21f7efac00
Colony,Cullman,Alabama,AL,35077,33.94118,-86.90186,268,Town,f4d0f10aed8b91105abf32b36f3322a8
Columbia,Houston,Alabama,AL,36319,31.29268,-85.11160,740,Town,f563e4fafc57266ffca8339500df819b
Columbiana,Shelby,Alabama,AL,35051,33.17817,-86.60721,4197,City,9b3d98fdc1701beb3c1c2a76cb9b3cfc
Coosada,Elmore,Alabama,AL,36020,32.49791,-86.33136,1224,Town,b658f0d308a0f12491fbaff27517504d
Cordova,Walker,Alabama,AL,35550,33.75983,-87.18333,2095,City,831dc5e2481933015a775a54eaa01ea9
Cottonwood,Houston,Alabama,AL,36320,31.04879,-85.30493,1289,Town,5681359d1136e52bff7a7b6463c34e75
County Line,Blount,Alabama,AL,35172,33.82149,-86.71860,258,Town,a6ead968b79f3f10323f6977fdd14436
Courtland,Lawrence,Alabama,AL,35618,34.66898,-87.30946,609,Town,012ab8de9e98f628ccca322a24a80a80
Cowarts,Houston,Alabama,AL,36321,31.20018,-85.30465,1871,Town,5e69f3b35c7bb602421f4dd575eadd6b
Creola,Mobile,Alabama,AL,36525,30.89185,-88.03972,1926,City,afe1964e75cca00febb9f768110b3b19
Crossville,DeKalb,Alabama,AL,35962,34.28759,-85.99414,1862,Town,d5fb44379f2b4b6f192ee8156eff06fa
Cuba,Sumter,Alabama,AL,36907,32.42820,-88.37642,346,Town,d6e4615626e994fc2de26482a0aa6b15
Cullman,Cullman,Alabama,AL,35055,34.17482,-86.84361,14775,City,d912d5a3d77c97088b802050191b0295
Cusseta,Chambers,Alabama,AL,36852,32.78485,-85.30578,123,Town,958ff274843276938d4378e31975cb1d
Dadeville,Tallapoosa,Alabama,AL,36853,32.83124,-85.76357,3230,City,bb685fd08e10b02e59b5f6c4d6a14d33
Daleville,Dale,Alabama,AL,36322,31.31017,-85.71299,5295,City,d34fe549e62a8fea2a6005f217b8887d
Daphne,Baldwin,Alabama,AL,36526,30.60353,-87.90360,21570,City,e766c8259079b22e991bb653554c98f4
Dauphin Island,Mobile,Alabama,AL,36528,30.25548,-88.10972,1238,Town,d166e03b883ede1db8d6f45165a21d86
Daviston,Tallapoosa,Alabama,AL,36256,33.05290,-85.63968,214,Town,5135718fb2acc7c9f257810ca7ae14fd
Dayton,Marengo,Alabama,AL,36738,32.35097,-87.64195,52,Town,f126f7509b58a269bec4393b5f73ffec
Deatsville,Elmore,Alabama,AL,36022,32.60819,-86.39581,1154,Town,d74370adcaa30d7fceb5b9333ff2c575
Decatur,Morgan,Alabama,AL,35601,34.60593,-86.98334,55683,City,dcd275c915b0e5fccced6d3306027b6b
Demopolis,Marengo,Alabama,AL,36732,32.51764,-87.83640,7483,City,e3240d15eafbe9a44d6d4bc16d8d6d34
Detroit,Lamar,Alabama,AL,35552,34.02816,-88.17004,237,Town,56647512c1de64c373b7c1e7fe7bc59d
Dodge City,Cullman,Alabama,AL,35077,34.04066,-86.88583,593,Town,eaad2d1d279fd61ff468d4c4f6125f0c
Dora,Walker,Alabama,AL,35062,33.72872,-87.09028,2025,City,f8afd333f4a4b1d191a3da16ff0628a0
Dothan,Houston,Alabama,AL,36301,31.22323,-85.39049,65496,City,e111d825f5864d93aef3f76d3281ca94
Double Springs,Winston,Alabama,AL,35553,34.14649,-87.40224,1083,Town,05d6c4300271fabe2dff5bfdaef75f55
Douglas,Marshall,Alabama,AL,35980,34.17371,-86.32359,744,Town,ef714a6adc51ba4c4334a5eb1613b557
Dozier,Crenshaw,Alabama,AL,36028,31.49211,-86.36496,329,Town,9b74c7c4d8673dcf1256d762b77aaec1
Dutton,Jackson,Alabama,AL,35744,34.61092,-85.91692,315,Town,4db0308ecd52a1e4f56849a860e139cd
East Brewton,Escambia,Alabama,AL,36426,31.09323,-87.06275,2478,City,878ca6a3d4130295f9b864eb90b0ce32
Eclectic,Elmore,Alabama,AL,36024,32.63541,-86.03441,1001,Town,7f6378118051a61fe6b13db639908215
Edwardsville,Cleburne,Alabama,AL,36264,33.70733,-85.50912,202,Town,086420f0645c212f2ac26e8f4061a76b
Elba,Coffee,Alabama,AL,36323,31.41461,-86.06772,3940,City,b9ef8c3c619356cae44df78b24aa2e40
Elberta,Baldwin,Alabama,AL,36530,30.41436,-87.59776,1498,Town,264e02c3ac227ea982b7d04f005babd3
Eldridge,Walker,Alabama,AL,35554,33.92288,-87.61724,130,Town,3339d133cdaecc0df9dae5e55bdf5b9d
Elkmont,Limestone,Alabama,AL,35620,34.92897,-86.97390,434,Town,6ef5b4923bdbd8f4d54d00b9fb88a081
Elmore,Elmore,Alabama,AL,36025,32.53874,-86.31497,1262,Town,f8ce5cd1f51d4395f7fbd8528513b293
Emelle,Sumter,Alabama,AL,35459,32.72930,-88.31448,53,Town,8817ab60ade60e9b279119034d313d1b
Enterprise,Coffee,Alabama,AL,36330,31.31517,-85.85522,26562,City,548e86674fed84c69a7b0e1b933b2d3d
Epes,Sumter,Alabama,AL,35460,32.69041,-88.12613,192,Town,a8f3f61e94d25afc559a12c4d403a31a
Ethelsville,Pickens,Alabama,AL,35461,33.41567,-88.21670,81,Town,fdcbf5bb0bca08db671f0cbfd2c76eea
Eufaula,Barbour,Alabama,AL,36027,31.89127,-85.14549,13137,City,849e3e29c01b83cea0942d24300448cf
Eutaw,Greene,Alabama,AL,35462,32.84068,-87.88751,2934,Town,aeaa62ff3546187c6c0ba40fcf6b9f4f
Eva,Morgan,Alabama,AL,35621,34.33232,-86.75889,519,Town,8b5e5a0d84e7e2cc40b93e7e2d231a47
Evergreen,Conecuh,Alabama,AL,36401,31.43350,-86.95692,3944,city,4185b5e0a06a540898724ba7e052695e
Excel,Monroe,Alabama,AL,36439,31.42794,-87.34137,723,Town,a2d9bfddbbd2c51206c1c69ad10b132d
Fairfield,Jefferson,Alabama,AL,35064,33.48594,-86.91194,11117,city,ae89fb72312b1f9526decf54ebe950c8
Fairhope,Baldwin,Alabama,AL,36532,30.52297,-87.90333,15326,City,148252631420d9f294d4a194c1b20c0d
Fairview,Cullman,Alabama,AL,35058,34.25537,-86.68805,446,Town,b078fe2c81646423d9ab30d25dad25f3
Falkville,Morgan,Alabama,AL,35622,34.36843,-86.90862,1279,Town,5789da47a8f92e2d7ef9a7239fb0ae3c
Faunsdale,Marengo,Alabama,AL,36738,32.45986,-87.59389,98,Town,3d2ed96576f3f56e58ccebbd02ce9d33
Fayette,Fayette,Alabama,AL,35555,33.68455,-87.83085,4619,City,f5d747f6b6df4b4a4645d82e56a71e2c
Five Points,Chambers,Alabama,AL,36855,33.01818,-85.35023,141,Town,7c731613f13a9c96fb5c56e8a4fae089
Flomaton,Escambia,Alabama,AL,36441,31.00018,-87.26081,1440,Town,05d882a043679359b4abb516ec20ec4c
Florala,Covington,Alabama,AL,36442,31.00518,-86.32800,1980,Town,cdde1f40b2f82332b3fb168c71b021ef
Florence,Lauderdale,Alabama,AL,35630,34.79981,-87.67725,39319,City,c17c9d6152f1e4f6b0c17f23a7959bad
Foley,Baldwin,Alabama,AL,36535,30.40659,-87.68360,14618,City,852499b5684726818149a990a0cfbf5e
Forkland,Greene,Alabama,AL,36740,32.64819,-87.88335,649,Town,8f39fac12eebbdb8e3cbf50aa9c52e2e
Fort Deposit,Lowndes,Alabama,AL,36032,31.98459,-86.57859,1344,Town,6280c2e33232eab528ddb64d5d6b4e6c
Fort Payne,DeKalb,Alabama,AL,35967,34.44425,-85.71969,14012,City,65b4defa9f52eb4758903f5d5815c727
Franklin,Macon,Alabama,AL,36083,32.47847,-85.80246,149,Town,fb599eca39eaa650abd43ee91f689085
Frisco City,Monroe,Alabama,AL,36445,31.43350,-87.40138,1309,Town,eb7dbf267e127344f208215de25c3e51
Fruithurst,Cleburne,Alabama,AL,36262,33.73094,-85.43384,284,Town,ccb7e0582b7a8d6c808cb046b03c8ca2
Fulton,Clarke,Alabama,AL,36451,31.78849,-87.72722,272,Town,1ed2c33fe6852a9b6c280c54a60533c1
Fultondale,Jefferson,Alabama,AL,35068,33.60483,-86.79388,8380,City,a511b0bd4409b224d65b35ec4229cb0a
Fyffe,DeKalb,Alabama,AL,35971,34.44676,-85.90414,1018,Town,d96539a6eee64b013287138dbe57500f
Gadsden,Etowah,Alabama,AL,35901,34.01426,-86.00664,36856,City,ae4d6b0fe92c0657834dfd86a27e8c38
Gainesville,Sumter,Alabama,AL,35464,32.82096,-88.15891,208,Town,3ebf0d33b603d2be03f1bf4249cfcc9f
Gantt,Covington,Alabama,AL,36421,31.40683,-86.48413,222,Town,36796f058c4a6531f612e3ad97a74e78
Garden City,Cullman,Alabama,AL,35070,34.01454,-86.74694,492,Town,8b2189bb69b49a8673c99be5663c3dfb
Gardendale,Jefferson,Alabama,AL,35071,33.66010,-86.81277,13893,city,90e8c73fe682c7bbe8288f852dc6a9e3
Gaylesville,Cherokee,Alabama,AL,35973,34.26843,-85.55691,144,Town,56630abff4b2d62a63257a675bcea544
Geiger,Sumter,Alabama,AL,35459,32.86819,-88.30503,170,Town,658a51451db2e0c5e72333977f88a875
Geneva,Geneva,Alabama,AL,36340,31.03296,-85.86382,4452,City,9dfa153902d1594fdf2499855da2a86e
Georgiana,Butler,Alabama,AL,36033,31.63710,-86.74192,1738,Town,94329c653751227df2c589feac32f233
Geraldine,DeKalb,Alabama,AL,35974,34.35148,-86.00081,896,Town,a0156472b091b7b00f197145d06dcd54
Gilbertown,Choctaw,Alabama,AL,36908,31.87710,-88.32141,215,Town,775ab9e15079958fe53e79d0e30f0e9b
Glen Allen,Marion,Alabama,AL,35594,33.91510,-87.74169,510,Town,57f3a56429f91cfb1c5132089ae7d9d8
Glencoe,Etowah,Alabama,AL,35905,33.95704,-85.93247,5160,City,0a822a4106015326d7910d74aae8c589
Glenwood,Crenshaw,Alabama,AL,36034,31.66460,-86.17134,187,Town,45133a2840154f8d52410fd13ea1edb2
Goldville,Tallapoosa,Alabama,AL,36256,33.08373,-85.78385,55,Town,8ed0c28492da4c9b6aeaf33009a8e971
Good Hope,Cullman,Alabama,AL,35055,34.11593,-86.86361,2264,Town,14e8c2a66c208898e91b6472cdc87ac7
Goodwater,Coosa,Alabama,AL,35072,33.06568,-86.05330,1475,Town,8eab434060cd34efb0901502a3a0db44
Gordo,Pickens,Alabama,AL,35466,33.32012,-87.90280,1750,Town,59018d3f2fff16328b598175db0d9971
Gordon,Houston,Alabama,AL,36343,31.14129,-85.09660,332,Town,e32ae758850ce6627c79c7d3f264ab97
Gordonville,Lowndes,Alabama,AL,36040,32.15199,-86.71544,326,Town,1e4af969a1fef5e3acccc57571df3994
Goshen,Pike,Alabama,AL,36035,31.72294,-86.11829,266,Town,1752a46509776d05089f035d62970887
Grant,Marshall,Alabama,AL,35747,34.52870,-86.25332,896,Town,a4d2c9b0e113ceb23bbd49a6a43e2e55
Graysville,Jefferson,Alabama,AL,35073,33.62066,-86.97138,2165,City,0fe86caeec7a94255729a06cbf9a3d8f
Greensboro,Hale,Alabama,AL,36744,32.70458,-87.59584,2497,City,8c04165ef541dee6de9c859bab1353fc
Greenville,Butler,Alabama,AL,36037,31.82960,-86.61775,8135,City,9013e73a0f3eee091468bf2c58d3b6ba
Grimes,Dale,Alabama,AL,36350,31.30462,-85.44799,558,Town,b94c47a8ff16db4127cccb559a7fb325
Grove Hill,Clarke,Alabama,AL,36451,31.70877,-87.77722,1570,Town,be2050f75b871cf5cb36b68c8bcc0ad7
Guin,Marion,Alabama,AL,35563,33.96566,-87.91475,2376,City,868948280e178ab2dcbcaf4d02a03a18
Gulf Shores,Baldwin,Alabama,AL,36542,30.24604,-87.70082,9741,City,880e1bf3c37f97aceeccf866cf462f0d
Guntersville,Marshall,Alabama,AL,35976,34.35815,-86.29470,8197,City,cc2ffaffb247f038dd40ac3fbcf424ef
Gurley,Madison,Alabama,AL,35748,34.70176,-86.37582,801,Town,4effb969408c1f5bda3976a1a56cd6cb
Gu-Win,Marion,Alabama,AL,35563,33.96094,-87.88058,176,Town,cba2acda03912b8c55935a0f607cc160
Hackleburg,Marion,Alabama,AL,35564,34.27732,-87.82864,1516,Town,9dedcaf2addefc315928da1fe6559d48
Haleburg,Henry,Alabama,AL,36319,31.40656,-85.13715,103,Town,496be7bed76876c2b089a6a69fbb835b
Haleyville,Winston,Alabama,AL,35565,34.22649,-87.62141,4173,City,6fe88e0731061c0f05d40e514ddd3a07
Hamilton,Marion,Alabama,AL,35570,34.14232,-87.98864,6885,City,e72a2f5d7633af6020ac5bdbfcd0367b
Hammondville,DeKalb,Alabama,AL,35989,34.58175,-85.62663,488,Town,acc3314ad4d9d74ef90f5f909d003ae6
Hanceville,Cullman,Alabama,AL,35077,34.06065,-86.76750,2982,City,25228556ca9df9039995f970d7546a63
Harpersville,Shelby,Alabama,AL,35078,33.34400,-86.43804,1637,Town,60969d3914c8cde2fad43d4b4c8b14a1
Hartford,Geneva,Alabama,AL,36344,31.10240,-85.69688,2624,City,5af1deac9122b32c44d235ba134dac52
Hartselle,Morgan,Alabama,AL,35640,34.44343,-86.93528,14255,City,46051b1ed8108af826e1ac175f1dea3a
Hayden,Blount,Alabama,AL,35079,33.89260,-86.75777,444,Town,1264cdebcbef676efd2079a8ca26b5c8
Hayneville,Lowndes,Alabama,AL,36040,32.18403,-86.58025,932,Town,331ddf60c012855ffbb948d1d81da706
Headland,Henry,Alabama,AL,36345,31.35128,-85.34216,4510,City,cebf1d09ee5416b0ba0cce20dcf80170
Heath,Covington,Alabama,AL,36421,31.36072,-86.46968,254,Town,ba7c9e5d17d5d08b03d1b2105694d587
Heflin,Cleburne,Alabama,AL,36264,33.64899,-85.58746,3480,City,eb96cb33abc2a65008c3d6d6db91643f
Helena,Shelby,Alabama,AL,35080,33.29622,-86.84360,16793,City,638c909fe6b57ca6dc1383ab73fb98fa
Henagar,DeKalb,Alabama,AL,35978,34.63508,-85.76719,2344,City,692e70ca75f82c52cef33807099661dd
Highland Lake,Blount,Alabama,AL,35121,33.88510,-86.41971,412,Town,6917e3e6848424613ba387c83bb4ea8f
Hillsboro,Lawrence,Alabama,AL,35643,34.63926,-87.19168,552,Town,23ede450027fa71fe7140138b026a150
Hobson City,Calhoun,Alabama,AL,36201,33.62149,-85.84413,771,Town,3a6b77d9b155104286891dbf9cf74a19
Hodges,Franklin,Alabama,AL,35571,34.32704,-87.92642,288,Town,ce696997a7dea81e86b0834271609aa7
Hokes Bluff,Etowah,Alabama,AL,35903,33.99815,-85.86636,4286,City,3d53f83b174788ef286a29f5eb7b8f7f
Holly Pond,Cullman,Alabama,AL,35083,34.17426,-86.61638,798,Town,012cfd857f262c3f5e40bf026bc7db93
Hollywood,Jackson,Alabama,AL,35752,34.72425,-85.97248,1000,Town,dab9d629000bebdafbdfe51eb5404b03
Homewood,Jefferson,Alabama,AL,35209,33.47177,-86.80082,25167,City,933a089ec44874de0a8d9c23432b2905
Hoover,Jefferson,Alabama,AL,35226,33.40539,-86.81138,81619,City,9f74aa09ec8982cdefcccadb1e887227
Horn Hill,Covington,Alabama,AL,36467,31.24573,-86.31662,228,Town,1bbc30a60fd433f5872f939380c43583
Hueytown,Jefferson,Alabama,AL,35023,33.45122,-86.99666,16105,City,2cef9640d095152cacb00849ba6a66c5
Huntsville,Madison,Alabama,AL,35801,34.73037,-86.58610,180105,City,2806eb946c72418456e438f3e7d1ad33
Hurtsboro,Russell,Alabama,AL,36860,32.24181,-85.41633,553,Town,12cbedc6ddcc6b7fb04f283c1ce91043
Hytop,Jackson,Alabama,AL,35768,34.91620,-86.08804,354,Town,97f8622eb0dc5bd9bbda655911f74a6a
Ider,DeKalb,Alabama,AL,35981,34.71425,-85.68080,723,Town,491335e2effa8c7a8bd9ab003a44abb1
Indian Springs Village,Shelby,Alabama,AL,35124,33.35539,-86.75443,2363,City,06b284257600bca70834649beb699050
Irondale,Jefferson,Alabama,AL,35210,33.53816,-86.70721,12349,City,e6f78fa65239ae130c6f4cef30f02bda
Jackson,Clarke,Alabama,AL,36545,31.50905,-87.89444,5228,City,85efa74328bf9db337832a9f0af454ea
Jacksons' Gap,Tallapoosa,Alabama,AL,36861,32.88624,-85.81163,828,Town,55743451aa3db1d79141d4f6fe787891
Jacksonville,Calhoun,Alabama,AL,36265,33.81371,-85.76135,12548,City,704c9d79d9088dd95386d18d3d5c6191
Jasper,Walker,Alabama,AL,35501,33.83122,-87.27751,14352,City,9cc640dc8c8852b6770721ea30d14c30
Jemison,Chilton,Alabama,AL,35085,32.95985,-86.74665,2585,City,79f99b53abfeb3561dcf928b650db226
Kansas,Walker,Alabama,AL,35549,33.90177,-87.55196,226,Town,d22567343e7f60858ded57b6e629de13
Kellyton,Coosa,Alabama,AL,35089,32.97984,-86.03358,217,Town,f4e1d0beb4d76144b4cec2321b0e447c
Kennedy,Lamar,Alabama,AL,35574,33.58706,-87.98447,447,Town,354ede7bb1856cc4b4d40cff2f3fdcbc
Killen,Lauderdale,Alabama,AL,35645,34.86286,-87.53753,1108,Town,6527ab253e94f6f1b38309ea7d09cbd3
Kimberly,Jefferson,Alabama,AL,35091,33.77344,-86.81388,2711,Town,d09ba17dbc7f100bd71e621efa2ec6d9
Kinsey,Houston,Alabama,AL,36303,31.29906,-85.34438,2198,Town,97e08f0e5677979a316de5e6c1050c28
Kinston,Coffee,Alabama,AL,36453,31.21600,-86.17106,540,Town,05376efb385079468e79c4bbde546387
La Fayette,Chambers,Alabama,AL,36862,32.89985,-85.40106,3003,City,4fc6dfd31a007751c6ab4e5f4926735d
Lakeview,DeKalb,Alabama,AL,35971,34.39092,-85.97831,143,Town,164c2f182271ebf4601499ebb998904c
Lake View,Tuscaloosa,Alabama,AL,35111,33.28067,-87.13750,1943,Town,418233831a99282f2b98403bf761d970
Lanett,Chambers,Alabama,AL,36863,32.86874,-85.19050,6468,City,39d2df6aeef5f5d2fde98aecf86bd305
Langston,Jackson,Alabama,AL,35755,34.53898,-86.07442,270,Town,c4f29de85b36dd144add33b8cded8164
Leeds,Jefferson,Alabama,AL,35094,33.54816,-86.54443,11773,city,a91daf451850fb4bcb8c47e9afc7da34
Leesburg,Cherokee,Alabama,AL,35983,34.17982,-85.76136,1027,Town,5472725257de487c668746a4c18606e4
Leighton,Colbert,Alabama,AL,35646,34.70092,-87.52892,729,Town,6454866127f03f5814bf0e42e7d9cf0a
Lester,Limestone,Alabama,AL,35647,34.99064,-87.15335,111,Town,1e6d988ce16ad54e0cd661b3cb9e434d
Level Plains,Dale,Alabama,AL,36322,31.29962,-85.77799,2085,Town,90a3d9f4dea346989b9c5f077ae83281
Lexington,Lauderdale,Alabama,AL,35648,34.96925,-87.37113,735,Town,28d58a79dd46bcffe36c9d9450c6f6de
Libertyville,Covington,Alabama,AL,36420,31.24156,-86.46134,117,Town,466914b7031e89e840bf20681b770d79
Lincoln,Talladega,Alabama,AL,35096,33.61316,-86.11831,6266,City,86e994fc8ed5eb55f4d2db5809e97c86
Linden,Marengo,Alabama,AL,36748,32.30625,-87.79807,2123,City,9343a0482dc3fe58cb4caf9b7a2fed75
Lineville,Clay,Alabama,AL,36266,33.31067,-85.75441,2395,City,7bf88380d20eb029d376487434dde647
Lipscomb,Jefferson,Alabama,AL,35020,33.42566,-86.92666,2210,City,b61690423cd9656419616d998b0f2122
Lisman,Choctaw,Alabama,AL,36912,32.16876,-88.28253,539,Town,ac792d941ebd060e829e0c594a14f7cd
Littleville,Colbert,Alabama,AL,35654,34.59065,-87.67697,1011,Town,98678ee8902024f18e48c0d70a344b32
Livingston,Sumter,Alabama,AL,35470,32.58430,-88.18725,3485,City,2319968618b3da7ebbc4eebdf57ce36a
Loachapoka,Lee,Alabama,AL,36865,32.60430,-85.59329,180,Town,51b22c4090a4652a02d09107b5824fea
Lockhart,Covington,Alabama,AL,36455,31.01046,-86.34967,516,Town,87a06c3e02e56cc8314a77f3d44d0616
Locust Fork,Blount,Alabama,AL,35097,33.90760,-86.61527,1186,Town,b1be4502dadb0ffe6213551d6a6a3b9b
Louisville,Barbour,Alabama,AL,36048,31.78350,-85.55578,519,Town,987fac6454e70747f0925f129676e807
Lowndesboro,Lowndes,Alabama,AL,36752,32.27514,-86.61137,115,Town,3f891b4bc68f458377f257ab1b94976c
Loxley,Baldwin,Alabama,AL,36551,30.61825,-87.75305,1632,Town,abb57ee35d50c46947b28c255445bccb
Luverne,Crenshaw,Alabama,AL,36049,31.71655,-86.26385,2800,City,8391f867e77fb45a0e611b432333b6c1
Lynn,Winston,Alabama,AL,35575,34.04705,-87.54974,659,Town,f937a2b08e0867dd7b977941220f8973
Madison,Madison,Alabama,AL,35758,34.69926,-86.74833,42938,City,4c9a0915402a7e453eead6eb3d2b386f
Madrid,Houston,Alabama,AL,36320,31.03574,-85.39327,350,Town,af42a3c9f2e857e44ebccb2958f7bb0e
Magnolia Springs,Baldwin,Alabama,AL,36555,30.39964,-87.77610,723,Town,237aedbdd8968f8c070d416940f862fd
Malvern,Geneva,Alabama,AL,36375,31.13934,-85.51910,1448,Town,35cb20c7813e464c8d43aae26b3538be
Maplesville,Chilton,Alabama,AL,36750,32.78846,-86.87165,708,Town,6fac566197b2b5b1484457ad72593003
Margaret,St. Clair,Alabama,AL,35112,33.68621,-86.47498,4428,Town,e3dc9d5c3798177ba19649e29c594c5e
Marion,Perry,Alabama,AL,36756,32.63235,-87.31917,3686,City,16ab3656313fd2108e9bd20d36c937cd
Maytown,Jefferson,Alabama,AL,35005,33.53594,-86.99722,385,Town,d1a19377b4ffe7d2b20c0139144ae51c
McIntosh,Washington,Alabama,AL,36553,31.26628,-88.03139,238,Town,f4652af5b91dc1e736d7e3020a723a18
McKenzie,Butler,Alabama,AL,36456,31.54238,-86.71497,530,Town,83e1f42682bce62a0a65587d65279739
McMullen,Pickens,Alabama,AL,35442,33.14873,-88.17642,10,Town,2957d05564cc99a46886d5a51480c1ef
Memphis,Pickens,Alabama,AL,35442,33.13651,-88.29753,29,Town,b14368f564d92753b9b52601f10a5c2d
Mentone,DeKalb,Alabama,AL,35984,34.57953,-85.59052,360,Town,5baa02b78ea9dbc22b99594b839abc24
Midfield,Jefferson,Alabama,AL,35228,33.46150,-86.90888,5365,City,fef0f508eaf373400efd660a25ed5052
Midland City,Dale,Alabama,AL,36350,31.31906,-85.49382,2344,Town,59672bd163b12d419f5b5dd1c44514e6
Midway,Bullock,Alabama,AL,36053,32.07710,-85.52217,499,Town,275658035200a39fbe8bbdc8938f67c7
Millbrook,Elmore,Alabama,AL,36054,32.47986,-86.36192,14640,City,655b4f2421ced495feff6937b3174c03
Millport,Lamar,Alabama,AL,35576,33.56345,-88.08142,1049,Town,75fc1c06fe458d93a924dd5eab9ed270
Millry,Washington,Alabama,AL,36558,31.63405,-88.31335,546,Town,08c0df60b7e7574c5cc3071d068601ed
Mobile,Mobile,Alabama,AL,36602,30.69436,-88.04305,195111,City,c822bd4fc0b2aecdf117dd467aa43aa6
Monroeville,Monroe,Alabama,AL,36460,31.52794,-87.32471,6519,City,98df73b7759933478d0795bf51bb6a78
Montevallo,Shelby,Alabama,AL,35115,33.10067,-86.86416,6323,City,b8ec5fb5ce839e437ff9bd3ad8c0576e
Montgomery,Montgomery,Alabama,AL,36104,32.36681,-86.29997,205764,City,8adb88653b8e023c20ae364feee3f566
Moody,St. Clair,Alabama,AL,35004,33.59094,-86.49082,11726,City,b8b3fc764a0f0e3940fec34e01d5da30
Mooresville,Limestone,Alabama,AL,35649,34.62843,-86.88028,53,Town,a26481b75cabd6cf8d88c7ee2fa85f6d
Morris,Jefferson,Alabama,AL,35116,33.74816,-86.80860,1859,Town,d0848aa4a034dbb69e454340b301ebe9
Mosses,Lowndes,Alabama,AL,36040,32.17459,-86.67192,1029,Town,e43a023d6286afa089bb28e519b73c48
Moulton,Lawrence,Alabama,AL,35650,34.48121,-87.29335,3471,City,04994d8d70933acf480a55f823bf4c82
Moundville,Hale,Alabama,AL,35474,32.99762,-87.63001,2427,Town,bd339a497d253e0211594fa7a17a410d
Mountain Brook,Jefferson,Alabama,AL,35223,33.48372,-86.77388,20413,City,89ea9b24dae9597ef32818130a97bcd3
Mount Vernon,Mobile,Alabama,AL,36560,31.08518,-88.01333,1574,Town,d88d053e560e95ce5595efa6950d1b2b
Mulga,Jefferson,Alabama,AL,35118,33.54983,-86.97416,836,Town,eee13e903ccc6c0635f1d116f14d5eea
Munford,Talladega,Alabama,AL,36268,33.52983,-85.95080,1292,Town,40c18afa84fa8b1b6a1a08e433251683
Muscle Shoals,Colbert,Alabama,AL,35661,34.74481,-87.66753,13146,City,8a68416409ed0f05e3159a5e6744e864
Myrtlewood,Marengo,Alabama,AL,36763,32.25042,-87.94974,130,Town,44b76599cedb5737b6981d4b46a69d3c
Napier Field,Dale,Alabama,AL,36303,31.31545,-85.45410,354,Town,88c678b100fdd8ff013ed08cea2f36f0
Natural Bridge,Winston,Alabama,AL,35577,34.09344,-87.60197,37,Town,6fb3504041389c344233e77c4794fda9
Nauvoo,Walker,Alabama,AL,35578,33.98955,-87.48890,221,Town,2fcf4dfab5d2a5673ee52a56f49fcbfe
Nectar,Blount,Alabama,AL,35049,33.95982,-86.63944,345,Town,804d06afaa5ba29055fb1f642683d9d9
Needham,Choctaw,Alabama,AL,36915,31.98793,-88.33669,94,Town,ce1fc6ba10e6ce365f0a8b3a8e28298f
Newbern,Hale,Alabama,AL,36765,32.59319,-87.53278,186,Town,46af8bb0417c41db63f52a4183fa161e
New Brockton,Coffee,Alabama,AL,36351,31.38572,-85.92939,1146,Town,6ea867099879464f15ecff850930ab86
New Hope,Madison,Alabama,AL,35760,34.53703,-86.39443,2810,City,0461e4ce89bebcbfb9ca97a6eb2479b3
New Site,Tallapoosa,Alabama,AL,36256,33.03734,-85.77413,773,Town,0d783d66b3e7bf2448eceb12e7dda734
Newton,Dale,Alabama,AL,36352,31.33517,-85.60521,1511,Town,556e5eab51172eaa1df36fc1e21cc984
Newville,Henry,Alabama,AL,36353,31.42184,-85.33771,539,Town,853b5472d64924bfd6ecf100dc88750a
North Courtland,Lawrence,Alabama,AL,35618,34.67231,-87.32974,632,Town,9a6159fbc390f32377c7618587669675
North Johns,Jefferson,Alabama,AL,35006,33.36733,-87.10361,145,Town,a50099a1909886f0190740a4a53f79ef
Northport,Tuscaloosa,Alabama,AL,35476,33.22901,-87.57723,23330,City,b43c76116375a81d02ee77ec8babbc4d
Notasulga,Macon,Alabama,AL,36866,32.56069,-85.67245,965,Town,6de8928902a450d469bed6d20a1648c0
Oak Grove,Talladega,Alabama,AL,35150,33.19178,-86.29942,528,Town,37c36cff81fb6065a85e042311afc0a7
Oak Hill,Wilcox,Alabama,AL,36768,31.92098,-87.08276,26,Town,77b9e3eefb66e9300d4397271c4c3620
Oakman,Walker,Alabama,AL,35579,33.71344,-87.38862,789,Town,a1c8d3b7340126886acb67b74e9ff3a5
Odenville,St. Clair,Alabama,AL,35120,33.67732,-86.39665,3585,Town,0ee83c41ada49839e1e129691d10bdbf
Ohatchee,Calhoun,Alabama,AL,36271,33.78343,-86.00247,1170,Town,552beeee1d0308deaa3ed79ba3221173
Oneonta,Blount,Alabama,AL,35121,33.94815,-86.47276,6567,City,e28425d220b0ac125660c5b566b03022
Onycha,Covington,Alabama,AL,36467,31.21406,-86.28328,184,Town,4435451480e8126a3f690267a2d68b90
Opelika,Lee,Alabama,AL,36801,32.64541,-85.37828,26477,City,8af60098b028a08679c9297749f44102
Opp,Covington,Alabama,AL,36467,31.28267,-86.25551,6659,City,f59d37272edbf7a7dd9b3added9261e3
Orange Beach,Baldwin,Alabama,AL,36561,30.29437,-87.57359,5441,City,4ed57e47ca6c8ba2e8ba695cc418f89d
Orrville,Dallas,Alabama,AL,36767,32.30625,-87.24555,204,Town,3e4a457b0a8e5e7bb55d04497d2e54b3
Owens Cross Roads,Madison,Alabama,AL,35763,34.58815,-86.45888,1521,Town,4e0873829387386acd83c352a470ccd2
Oxford,Calhoun,Alabama,AL,36203,33.61427,-85.83496,21348,City,c6dace39952b174160e62bc093d6c57c
Ozark,Dale,Alabama,AL,36360,31.45906,-85.64049,14907,City,972722d76a31a0ae8478cd718e816c2f
Paint Rock,Jackson,Alabama,AL,35764,34.66064,-86.32887,210,Town,fc641949569ff297e2e72b0ceb9416f8
Parrish,Walker,Alabama,AL,35580,33.73066,-87.28445,982,Town,a2899340095a3c9d7273be0841772545
Pelham,Shelby,Alabama,AL,35124,33.28567,-86.80999,21352,City,e155d510a93312dbb2ec14d073d1c1a7
Pell City,St. Clair,Alabama,AL,35125,33.58621,-86.28609,12695,City,ba885d1892e153f8415f3e74866b3819
Pennington,Choctaw,Alabama,AL,36916,32.20709,-88.05613,221,Town,144b3fe3639188443dbd059396bf2955
Perdido Beach,Baldwin,Alabama,AL,36530,30.34076,-87.50498,581,Town,694031402238ba2b956fc5aabbe3edee
Petrey,Crenshaw,Alabama,AL,36049,31.84876,-86.20774,58,Town,dac9da855d2083cdf05ac44620f82640
Phenix City,Russell,Alabama,AL,36867,32.47098,-85.00077,32822,City,099d7c5caad8113293d00cbdf611cc3a
Phil Campbell,Franklin,Alabama,AL,35581,34.35093,-87.70642,1148,Town,99fab50904f63e266ff8371c325253bc
Pickensville,Pickens,Alabama,AL,35447,33.22735,-88.26642,608,Town,8b6520c74cd64334d643f3904bf919af
Piedmont,Calhoun,Alabama,AL,36272,33.92455,-85.61135,4878,City,ba7d59eef1dd0543ea05a8764a200c30
Pike Road,Montgomery,Alabama,AL,36064,32.28431,-86.10302,5406,Town,02d68e859da4145fb167fefe89bb122e
Pinckard,Dale,Alabama,AL,36371,31.31156,-85.55299,647,Town,2e561e0e151e3c5895e9a0ce0340d896
Pine Apple,Wilcox,Alabama,AL,36768,31.87265,-86.99109,132,Town,0e2008dd3bb215324287be7dfd79e7a5
Pine Hill,Wilcox,Alabama,AL,36769,31.97959,-87.58806,975,Town,c19daa8858dddc56947fc2ceafb350d2
Pine Ridge,DeKalb,Alabama,AL,35968,34.43953,-85.78441,282,Town,327443ff82e2244651d22a03e075a36a
Pinson,Jefferson,Alabama,AL,35126,33.68899,-86.68332,7163,City,3a8a178c385ea21a69fbd75233daba02
Pisgah,Jackson,Alabama,AL,35765,34.68092,-85.84775,722,Town,b2dbd8bc1484ab2760c4ce6c15adc2e2
Pleasant Grove,Jefferson,Alabama,AL,35127,33.49094,-86.97027,10110,City,1f7ea4597515be0f73100bc8018c521b
Pleasant Groves,Jackson,Alabama,AL,35776,34.73762,-86.19764,420,Town,49d4256eb07deb4934d8dc63f4c52f30
Pollard,Escambia,Alabama,AL,36441,31.02713,-87.17358,137,Town,9cab3263a3dbd7c0f6a514b5bbb78ef5
Powell,DeKalb,Alabama,AL,35971,34.53253,-85.89788,955,Town,61f6e349948c48d67d7d25f897611b96
Prattville,Autauga,Alabama,AL,36067,32.46402,-86.45970,33960,City,b75631627cc05c9de6765b6f951988da
Priceville,Morgan,Alabama,AL,35603,34.52509,-86.89473,2658,Town,b526e96abc50fcce209721fa0ef2d001
Prichard,Mobile,Alabama,AL,36610,30.73880,-88.07889,22659,City,8f8ab27aa8b055f15fab0bd07bd0a3f2
Providence,Marengo,Alabama,AL,36742,32.34181,-87.78057,223,Town,7263adf254b57e0d03d99d305aff64a5
Ragland,St. Clair,Alabama,AL,35131,33.74454,-86.15581,1639,Town,c40c42ccdfc514c8bbc761c2c1130690
Rainbow City,Etowah,Alabama,AL,35906,33.95482,-86.04192,9602,City,c2f4223eadbd5c5ae933105d2dc43956
Rainsville,DeKalb,Alabama,AL,35986,34.49425,-85.84775,4948,City,92722cc18e101730628ba7a2654ea1fb
